{"cameraMode":{"drawMode":0,"name":"Shaded","section":"Shading Mode"},"sceneLighting":true,"audioPlay":false,"sceneViewState":{"m_AlwaysRefresh":false,"showFog":true,"showSkybox":true,"showFlares":true,"showImageEffects":true,"showParticleSystems":true,"showVisualEffectGraphs":true,"m_FxEnabled":true},"in2DMode":false,"pivot":{"x":-0.3335420489311218,"y":-3.732848644256592,"z":19.084003448486329},"rotation":{"x":-0.37635716795921328,"y":0.006424711551517248,"z":-0.0025525465607643129,"w":-0.9266085624694824},"size":10.008806228637696,"orthographic":false}