{"cameraMode":{"drawMode":0,"name":"Shaded","section":"Shading Mode"},"sceneLighting":true,"audioPlay":false,"sceneViewState":{"m_AlwaysRefresh":false,"showFog":true,"showSkybox":true,"showFlares":true,"showImageEffects":true,"showParticleSystems":true,"showVisualEffectGraphs":true,"m_FxEnabled":true},"in2DMode":false,"pivot":{"x":-7.674008846282959,"y":-9.848939895629883,"z":92.89131164550781},"rotation":{"x":-0.06773152202367783,"y":0.03233613446354866,"z":-0.0021963699255138637,"w":-0.9973085522651672},"size":55.458168029785159,"orthographic":false}