{"cameraMode":{"drawMode":0,"name":"Shaded","section":"Shading Mode"},"sceneLighting":true,"audioPlay":false,"sceneViewState":{"m_AlwaysRefresh":false,"showFog":true,"showSkybox":true,"showFlares":true,"showImageEffects":true,"showParticleSystems":true,"showVisualEffectGraphs":true,"m_FxEnabled":true},"in2DMode":false,"pivot":{"x":-1.3050425052642823,"y":-3.0211238861083986,"z":20.86538314819336},"rotation":{"x":-0.3695560693740845,"y":0.07601884752511978,"z":-0.03029191866517067,"w":-0.9257475137710571},"size":10.651764869689942,"orthographic":false}