{"cameraMode":{"drawMode":0,"name":"Shaded","section":"Shading Mode"},"sceneLighting":true,"audioPlay":false,"sceneViewState":{"showFog":true,"showMaterialUpdate":false,"showSkybox":true,"showFlares":true,"showImageEffects":true,"showParticleSystems":true},"in2DMode":false,"pivot":{"x":0.6299108266830444,"y":1.4818029403686524,"z":13.00390625},"rotation":{"x":0.017672497779130937,"y":-0.04438289627432823,"z":-0.0007827962981536984,"w":-0.9988736510276794},"size":3.5660250186920168,"orthographic":false}